55971,55964,55952,55961,55961,55940,55939,55965,55961,55950,55943,55950,55948,55946,55935,55960,55973,55988,56002,55959,55934,55925,55946,55946,55943,55925,55954,55959,55947,55947,55954,55939,55925,55951,55937,55919,55943,55935,55934,55949,55936,55921,55928,55919,55910,55936,55964,55955,55953,55934,55941,55945,55941,55942,55968,55970,55984,55992,55972,55962,55967,55950,55931,55926,55933,55947,55936,55945,55949,55937,55949,55938,55947,55945,55921,55903,55906,55934,55941,55953,55926,55919,55958,55949,55922,55931,55935,55947,55927,55926,55948,55981,55969,55958,55936,55966,55991,55967,55951,55964,55933,55930,55942,55947,55933,55907,55917,55968,55947,55942,55944,55929,55951,55948,55952,55966,55973,55983,55930,55907,55934,55918,55940,55951,55945,55916,55916,55916,55943,55938,55919,55932,55949,55927,55920,55948,55933,55940,55957,55931,55913,55927,55915,55930,55942,55936,55936,55936,55926,55924,55939,55915,55947,55949,55966,55941,55915,55926,55956,55944,55933,55949,55919,55935,55952,55938,55938,55929,55968,55950,55939,55955,55974,55964,55937,55937,55933,55920,55945,55944,55934,55953,55957,55949,55938,55929,55922,55960,55968,55944,55934,55930,55923,55933,55906,55915,55941,55953,55941,55930,
99656,99646,99661,99638,99644,99629,99653,99650,99643,99654,99656,99659,99661,99659,99659,99654,99669,99661,99633,99655,99679,99664,99645,99667,99685,99684,99691,99641,99636,99648,99647,99656,99652,99685,99688,99682,99671,99681,99662,99672,99680,99669,99628,99629,99672,99663,99652,99647,99634,99633,99655,99667,99677,99662,99640,99619,99655,99660,99624,99637,99641,99653,99653,99681,99655,99634,99655,99655,99661,99640,99662,99668,99663,99660,99659,99659,99651,99659,99663,99657,99658,99660,99663,99668,99658,99671,99669,99645,99655,99685,99659,99634,99658,99673,99676,99660,99636,99627,99659,99674,99664,99646,99649,99654,99659,99643,99624,99644,99634,99645,99653,99639,99678,99679,99635,99635,99672,99661,99662,99669,99681,99646,99625,99657,99655,99640,99619,99650,99681,99656,99646,99658,99657,99686,99689,99660,99652,99661,99655,99639,99661,99653,99647,99627,99624,99647,99645,99649,99630,99653,99683,99691,99658,99647,99644,99654,99656,99661,99663,99683,99661,99651,99635,99652,99662,99668,99638,99638,99662,99675,99666,99661,99663,99646,99657,99668,99648,99679,99702,99682,99662,99666,99648,99642,99667,99637,99629,99622,99609,99629,99654,99657,99652,99658,99638,99659,99650,99650,99658,99704,
142681,142690,142702,142682,142683,142692,142684,142693,142718,142724,142680,142691,142704,142705,142700,142707,142731,142689,142691,142692,142684,142684,142685,142676,142683,142678,142669,142683,142694,142679,142680,142680,142695,142702,142704,142707,142689,142696,142702,142697,142711,142682,142672,142703,142712,142699,142685,142693,142706,142691,142681,142681,142685,142654,142653,142691,142708,142687,142689,142657,142667,142688,142722,142704,142697,142703,142708,142697,142683,142684,142677,142679,142715,142721,142699,142691,142700,142700,142677,142697,142724,142721,142693,142671,142708,142727,142714,142705,142735,142739,142699,142709,142717,142692,142701,142718,142714,142662,142656,142677,142701,142714,142725,142705,142700,142717,142687,142694,142707,142709,142676,142675,142699,142692,142672,142684,142695,142715,142720,142705,142681,142704,142707,142688,142701,142706,142691,142713,142707,142683,142651,142656,142682,142710,142698,142708,142694,142686,142721,142710,142692,142667,142677,142671,142688,142719,142719,142715,142732,142697,142677,142683,142698,142668,142671,142689,142691,142703,142712,142701,142701,142701,142688,142689,142682,142672,142668,142674,142686,142689,142703,142693,142683,142703,142709,142680,142675,142685,142694,142678,142670,142671,142669,142675,142676,142699,142681,142677,142682,142704,142720,142688,142689,142704,142724,142721,142709,142718,142720,142707,
186277,186290,186281,186278,186275,186256,186269,186285,186280,186252,186244,186252,186298,186297,186294,186283,186295,186265,186251,186263,186270,186265,186247,186278,186267,186259,186295,186286,186280,186277,186271,186291,186274,186254,186260,186267,186269,186285,186312,186285,186282,186289,186261,186257,186263,186261,186258,186274,186261,186277,186280,186270,186269,186286,186290,186265,186238,186239,186275,186290,186265,186245,186257,186282,186251,186266,186284,186287,186264,186274,186250,186241,186263,186270,186275,186264,186274,186265,186263,186278,186279,186280,186277,186265,186255,186263,186259,186257,186269,186259,186260,186278,186270,186255,186270,186271,186264,186253,186276,186294,186264,186217,186247,186250,186275,186286,186262,186274,186286,186266,186267,186260,186263,186250,186259,186262,186284,186274,186242,186271,186271,186280,186278,186262,186259,186258,186252,186267,186284,186291,186285,186291,186289,186291,186259,186262,186273,186275,186264,186260,186236,186231,186249,186260,186265,186272,186305,186314,186277,186303,186260,186260,186270,186278,186263,186238,186241,186255,186279,186271,186240,186262,186278,186264,186273,186271,186254,186279,186288,186299,186276,186261,186276,186280,186280,186271,186261,186231,186263,186282,186252,186231,186267,186286,186270,186271,186286,186262,186266,186255,186258,186254,186272,186277,186273,186275,186267,186241,186259,186276,
231120,231132,231115,231092,231105,231079,231081,231083,231101,231081,231059,231055,231102,231131,231114,231072,231081,231070,231068,231086,231088,231098,231097,231098,231081,231106,231102,231097,231103,231111,231113,231101,231096,231117,231098,231103,231093,231079,231083,231070,231077,231094,231097,231099,231109,231105,231082,231087,231093,231066,231079,231080,231082,231092,231113,231105,231072,231078,231097,231089,231083,231094,231087,231087,231083,231086,231060,231071,231073,231072,231082,231106,231111,231103,231098,231092,231094,231109,231110,231085,231067,231087,231093,231081,231081,231069,231084,231069,231065,231087,231113,231105,231103,231089,231081,231117,231157,231135,231124,231091,231101,231119,231121,231106,231094,231084,231095,231084,231069,231097,231116,231096,231100,231099,231077,231102,231082,231056,231057,231094,231091,231110,231112,231117,231112,231108,231092,231095,231063,231078,231099,231105,231059,231053,231057,231053,231081,231113,231100,231106,231117,231114,231112,231110,231121,231113,231098,231096,231079,231060,231062,231075,231074,231080,231100,231078,231056,231082,231122,231131,231093,231076,231090,231108,231080,231078,231083,231091,231077,231070,231068,231078,231112,231118,231102,231091,231107,231092,231099,231078,231113,231122,231094,231082,231102,231121,231080,231087,231106,231099,231092,231089,231084,231079,231083,231081,231085,231060,231076,231098,
276119,276105,276104,276084,276088,276096,276105,276116,276137,276107,276096,276112,276092,276094,276081,276091,276126,276121,276103,276106,276127,276123,276092,276110,276119,276125,276140,276129,276110,276112,276118,276125,276127,276108,276105,276107,276146,276158,276119,276099,276097,276121,276154,276166,276120,276123,276130,276114,276096,276110,276141,276120,276113,276102,276115,276122,276083,276084,276106,276099,276137,276142,276118,276076,276095,276136,276113,276124,276145,276142,276144,276138,276128,276101,276100,276116,276134,276147,276132,276105,276113,276100,276133,276110,276140,276136,276131,276130,276137,276129,276148,276129,276128,276134,276108,276092,276122,276123,276109,276133,276141,276101,276111,276131,276119,276102,276112,276116,276122,276114,276140,276116,276089,276126,276134,276083,276090,276103,276143,276144,276131,276127,276112,276094,276108,276117,276113,276127,276101,276092,276110,276123,276132,276125,276118,276093,276095,276131,276149,276107,276088,276095,276116,276132,276120,276111,276113,276145,276147,276112,276121,276130,276115,276117,276112,276150,276160,276156,276139,276121,276145,276152,276146,276133,276148,276169,276124,276120,276114,276107,276124,276132,276143,276115,276097,276099,276105,276101,276119,276149,276150,276137,276126,276134,276128,276131,276138,276128,276125,276150,276139,276122,276130,276110,276087,276119,276131,276139,276148,276153,
320214,320209,320201,320202,320203,320206,320218,320198,320199,320209,320174,320191,320188,320179,320195,320187,320192,320191,320200,320178,320200,320229,320220,320195,320193,320196,320217,320213,320208,320195,320195,320197,320186,320189,320202,320237,320215,320189,320185,320208,320218,320228,320205,320209,320218,320204,320201,320187,320180,320185,320208,320187,320189,320200,320220,320198,320204,320229,320211,320199,320195,320192,320204,320211,320202,320194,320213,320199,320203,320202,320199,320177,320194,320189,320186,320197,320194,320183,320181,320202,320226,320215,320201,320187,320206,320187,320175,320204,320196,320191,320158,320170,320190,320197,320188,320210,320233,320161,320146,320175,320193,320203,320201,320239,320237,320196,320228,320214,320218,320257,320247,320226,320216,320184,320172,320166,320188,320197,320199,320183,320215,320221,320229,320217,320210,320181,320173,320166,320215,320211,320204,320206,320210,320225,320204,320181,320183,320190,320196,320215,320233,320211,320179,320191,320210,320226,320227,320218,320201,320216,320216,320214,320220,320214,320219,320206,320198,320199,320218,320205,320204,320208,320196,320168,320174,320186,320175,320203,320224,320220,320198,320188,320189,320190,320193,320191,320217,320213,320186,320204,320193,320191,320182,320170,320179,320186,320184,320196,320190,320181,320201,320199,320196,320195,320209,320210,320196,320178,320172,320177,
364439,364424,364404,364420,364406,364407,364397,364390,364438,364455,364422,364432,364407,364413,364409,364419,364420,364395,364411,364419,364425,364370,364387,364400,364424,364429,364398,364403,364401,364390,364414,364450,364427,364407,364418,364418,364424,364416,364412,364414,364418,364425,364385,364413,364406,364388,364385,364390,364420,364412,364417,364413,364412,364406,364403,364393,364403,364397,364407,364430,364433,364433,364421,364415,364394,364397,364423,364402,364424,364421,364436,364434,364434,364436,364422,364426,364424,364402,364426,364427,364387,364386,364396,364404,364394,364399,364453,364465,364429,364437,364460,364442,364439,364428,364419,364418,364395,364407,364421,364427,364443,364421,364376,364378,364389,364408,364400,364405,364412,364406,364427,364415,364393,364428,364418,364401,364439,364437,364371,364375,364445,364423,364389,364416,364391,364419,364416,364441,364423,364369,364407,364416,364424,364420,364413,364403,364358,364401,364421,364411,364439,364421,364400,364406,364450,364425,364406,364390,364411,364432,364429,364442,364410,364405,364391,364382,364417,364398,364399,364409,364379,364385,364362,364348,364357,364328,364335,364380,364413,364397,364374,364391,364367,364364,364371,364397,364388,364388,364426,364420,364409,364392,364394,364413,364401,364398,364378,364390,364406,364389,364379,364384,364390,364398,364416,364422,364406,364418,364418,364438,
408186,408193,408166,408180,408185,408163,408192,408187,408168,408154,408180,408204,408180,408159,408144,408147,408167,408177,408180,408193,408169,408196,408171,408174,408176,408188,408173,408154,408194,408207,408155,408152,408160,408145,408155,408176,408203,408185,408160,408158,408167,408165,408163,408166,408150,408145,408174,408180,408177,408194,408181,408161,408167,408182,408154,408169,408199,408215,408159,408144,408178,408186,408188,408174,408178,408157,408164,408182,408174,408187,408236,408216,408162,408155,408164,408171,408178,408188,408187,408194,408197,408179,408165,408169,408168,408152,408169,408188,408182,408167,408170,408216,408207,408169,408181,408189,408204,408184,408181,408178,408176,408172,408154,408180,408214,408189,408189,408187,408188,408181,408207,408185,408169,408171,408178,408187,408169,408167,408182,408173,408159,408156,408157,408182,408175,408166,408160,408184,408190,408168,408145,408175,408194,408180,408150,408152,408158,408148,408165,408165,408141,408158,408165,408160,408169,408158,408162,408177,408157,408152,408167,408198,408162,408125,408138,408191,408206,408216,408196,408178,408164,408154,408174,408200,408196,408157,408198,408200,408166,408148,408149,408164,408195,408187,408154,408152,408180,408161,408150,408197,408187,408171,408167,408136,408147,408143,408153,408183,408194,408193,408170,408153,408166,408175,408181,408191,408180,408171,408167,408160,
453249,453251,453247,453242,453269,453277,453297,453261,453252,453271,453280,453291,453278,453256,453266,453288,453258,453228,453255,453270,453253,453264,453263,453265,453259,453240,453262,453263,453261,453258,453268,453247,453237,453251,453241,453252,453240,453261,453257,453253,453274,453279,453243,453269,453285,453265,453250,453266,453267,453276,453292,453306,453289,453274,453263,453261,453254,453259,453284,453282,453241,453250,453271,453277,453246,453230,453226,453245,453275,453279,453283,453280,453255,453253,453242,453232,453257,453257,453240,453260,453242,453231,453250,453249,453255,453260,453263,453242,453239,453257,453283,453302,453259,453254,453269,453256,453242,453264,453278,453279,453264,453253,453250,453255,453256,453249,453250,453247,453246,453285,453249,453235,453262,453278,453275,453253,453255,453260,453267,453270,453273,453288,453281,453241,453245,453264,453249,453223,453259,453269,453244,453236,453232,453260,453236,453225,453228,453244,453270,453275,453248,453234,453258,453258,453273,453265,453245,453253,453264,453271,453277,453286,453270,453277,453261,453279,453267,453229,453246,453263,453252,453240,453236,453241,453277,453264,453257,453261,453260,453243,453252,453255,453257,453241,453252,453257,453245,453227,453240,453260,453235,453262,453267,453259,453286,453270,453246,453260,453255,453241,453239,453251,453261,453272,453262,453255,453280,453272,453272,453256,
496842,496825,496846,496827,496816,496834,496836,496834,496850,496834,496817,496823,496823,496833,496801,496832,496847,496854,496848,496837,496839,496840,496828,496841,496833,496841,496839,496868,496849,496836,496827,496808,496830,496830,496831,496837,496862,496875,496866,496839,496841,496839,496834,496807,496832,496841,496826,496838,496843,496838,496850,496840,496845,496866,496853,496851,496850,496837,496838,496851,496861,496856,496819,496814,496802,496807,496836,496810,496826,496861,496854,496798,496815,496831,496851,496863,496881,496874,496859,496852,496826,496835,496824,496815,496838,496861,496865,496855,496854,496830,496807,496836,496836,496859,496833,496810,496839,496849,496854,496843,496836,496853,496847,496842,496854,496845,496835,496863,496854,496861,496854,496839,496832,496824,496842,496837,496865,496861,496842,496850,496862,496861,496856,496861,496863,496864,496893,496858,496829,496814,496840,496850,496846,496832,496833,496848,496843,496846,496868,496858,496840,496818,496823,496834,496862,496843,496833,496831,496851,496883,496858,496864,496853,496837,496854,496847,496816,496841,496874,496855,496866,496840,496848,496860,496841,496823,496829,496831,496829,496845,496845,496841,496871,496843,496811,496842,496853,496836,496847,496863,496860,496859,496828,496811,496823,496866,496855,496843,496851,496845,496847,496849,496837,496852,496853,496813,496832,496838,496855,496861,
541097,541078,541098,541103,541106,541107,541102,541090,541077,541103,541098,541107,541081,541066,541085,541106,541096,541092,541097,541111,541124,541122,541121,541099,541075,541063,541060,541101,541127,541102,541085,541091,541104,541113,541075,541070,541086,541087,541077,541088,541083,541098,541062,541043,541078,541104,541116,541117,541114,541118,541083,541092,541102,541117,541114,541077,541087,541084,541113,541103,541077,541084,541102,541103,541089,541093,541141,541089,541107,541092,541076,541073,541101,541089,541075,541110,541099,541088,541125,541113,541045,541095,541124,541067,541096,541088,541049,541097,541055,541083,541125,541060,541074,541091,541114,541131,541104,541132,541144,541094,541105,541086,541078,541123,541116,541084,541117,541077,541067,541132,541086,541108,541153,541092,541063,541093,541093,541120,541115,541091,541097,541084,541058,541088,541093,541068,541100,541119,541101,541124,541103,541080,541065,541083,541101,541073,541086,541085,541084,541106,541092,541075,541108,541100,541093,541110,541118,541112,541098,541086,541093,541105,541102,541104,541114,541097,541093,541095,541078,541092,541078,541073,541104,541101,541114,541111,541108,541104,541106,541116,541120,541107,541092,541095,541090,541076,541099,541102,541102,541102,541090,541094,541101,541103,541098,541105,541127,541126,541095,541056,541074,541105,541119,541075,541074,541092,541093,541092,541111,541118,
584714,584721,584688,584676,584685,584699,584718,584694,584704,584696,584689,584682,584724,584705,584705,584721,584697,584688,584692,584707,584688,584701,584711,584729,584730,584698,584714,584717,584702,584703,584710,584706,584709,584693,584718,584728,584687,584709,584719,584698,584670,584711,584721,584641,584702,584733,584666,584692,584754,584712,584709,584709,584692,584736,584733,584698,584708,584727,584723,584692,584701,584725,584708,584748,584754,584715,584701,584694,584745,584719,584723,584752,584739,584691,584673,584709,584690,584708,584711,584700,584722,584714,584702,584690,584728,584731,584713,584706,584695,584704,584685,584690,584724,584740,584698,584701,584714,584655,584711,584718,584700,584697,584696,584700,584707,584719,584677,584678,584671,584680,584700,584711,584676,584674,584691,584707,584714,584695,584680,584691,584701,584730,584706,584680,584681,584712,584717,584696,584696,584707,584711,584697,584719,584717,584710,584702,584717,584721,584713,584713,584707,584701,584703,584698,584709,584709,584700,584676,584706,584727,584736,584707,584693,584684,584682,584711,584728,584716,584710,584700,584696,584699,584694,584693,584710,584695,584694,584721,584708,584697,584699,584688,584712,584726,584717,584712,584733,584713,584682,584678,584702,584704,584701,584714,584712,584690,584688,584694,584701,584705,584697,584706,584687,584679,584699,584707,584676,584665,584700,584718,
628614,628619,628623,628621,628623,628600,628628,628636,628633,628662,628618,628623,628644,628596,628635,628656,628633,628656,628638,628625,628627,628616,628630,628618,628607,628614,628639,628651,628650,628663,628647,628652,628654,628659,628642,628615,628605,628648,628649,628635,628646,628655,628656,628641,628659,628647,628623,628655,628652,628636,628630,628623,628626,628657,628658,628665,628652,628642,628637,628636,628629,628629,628656,628670,628654,628630,628655,628653,628652,628627,628612,628627,628632,628625,628642,628656,628636,628618,628608,628618,628650,628636,628627,628632,628645,628638,628609,628618,628636,628635,628612,628634,628636,628638,628641,628621,628633,628651,628638,628634,628627,628654,628655,628615,628595,628595,628617,628626,628621,628645,628659,628633,628653,628635,628630,628650,628637,628653,628646,628630,628650,628654,628663,628652,628637,628628,628636,628649,628654,628660,628662,628660,628654,628641,628645,628661,628662,628673,628631,628624,628638,628643,628646,628634,628623,628611,628641,628662,628644,628656,628616,628624,628651,628630,628619,628617,628593,628617,628635,628635,628631,628625,628658,628652,628632,628633,628637,628627,628623,628631,628626,628634,628618,628639,628656,628623,628633,628662,628646,628616,628634,628659,628645,628636,628630,628633,628622,628635,628636,628639,628640,628636,628626,628653,628643,628630,628602,628623,628648,628640,
672174,672199,672209,672198,672205,672166,672198,672201,672194,672212,672247,672219,672180,672165,672186,672203,672173,672174,672177,672196,672204,672177,672192,672198,672189,672187,672189,672193,672202,672197,672207,672206,672188,672174,672205,672206,672222,672232,672203,672194,672175,672215,672224,672214,672202,672181,672186,672202,672216,672213,672198,672193,672187,672200,672215,672193,672187,672199,672207,672188,672164,672205,672226,672200,672203,672207,672207,672194,672176,672197,672204,672202,672205,672215,672194,672200,672216,672234,672256,672239,672188,672192,672196,672195,672229,672219,672204,672189,672197,672194,672214,672220,672222,672215,672179,672191,672192,672218,672205,672168,672205,672219,672225,672217,672203,672187,672176,672195,672194,672194,672240,672233,672235,672208,672199,672202,672204,672217,672201,672210,672200,672210,672219,672226,672240,672200,672184,672199,672212,672213,672195,672199,672211,672222,672205,672177,672212,672251,672244,672195,672220,672210,672220,672206,672185,672184,672214,672212,672180,672205,672219,672199,672227,672202,672220,672227,672242,672204,672196,672197,672207,672211,672224,672192,672192,672223,672204,672181,672207,672219,672212,672219,672217,672213,672195,672187,672183,672176,672232,672210,672212,672213,672205,672189,672232,672230,672197,672253,672178,672185,672236,672182,672187,672232,672198,672182,672207,672207,672193,672227,
